Face_to_Face,Prerequisite_2,Currency_Time,Course_Lang,Faculty,Availability,Offline,Prerequisite_2_grade_2,Level_Code,Part_Time,Duration_Time,Website,University,Full_Time,Description,Country,Distance,Duration,Int_Fees,Online,Prerequisite_1_grade_1,Prerequisite_1,Course,City,Currency,Blended,Remarks
Yes,Equivalent AQF Degree Level,Years,English,Business & Economics,A,Yes,Year 12,BA,No,Years,https://www.monash.edu/study/courses/find-a-course/2021/accounting-b2029?international=true,Monash University,Yes,"Accounting is a strategic function in all organisations and a Bachelor of Accounting is much more than just numbers. You'll learn to apply accounting practices and make strategic decisions about an organisation's financial and non-financial situation, fundamentally driving success.",Australia,No,3.0,"45,000",No,6.5,IELTS,Accounting,Melbourne,AUD,No,
Yes,Equivalent AQF Degree Level,Years,English,Business & Economics,A,Yes,Year 12,BA,No,Years,https://www.monash.edu/study/courses/find-a-course/2021/actuarial-science-b2033?international=true,Monash University,Yes,"An Actuarial Science degree prepares you to evaluate risk and opportunity in a business setting, and use your findings to influence some of society’s most important economic structures. Actuarial science will prepare you to provide professional actuarial advice in Australia and  other countries.",Australia,No,3.0,"45,000",No,6.5,IELTS,Actuarial Science,Melbourne,AUD,No,
Yes,Equivalent AQF Degree Level,Years,English,Computer Science & Information Technology,A,Yes,Year 12,BA,No,Years,https://www.monash.edu/study/courses/find-a-course/2021/applied-data-science-s2010?international=true,Monash University,Yes,"If you’re interested in mastering big data and helping others to understand it, this is the course for you. This program of study will provide you with the skills necessary to solve a wide range of problems.",Australia,No,3.0,"46,000",No,6.5,IELTS,Applied Data Science,Melbourne,AUD,No,
Yes,Equivalent AQF Degree Level,Years,English,Computer Science & Information Technology,A,Yes,Year 12,BA,No,Years,https://www.monash.edu/study/courses/find-a-course/2021/applied-data-science-advanced-s3003?international=true,Monash University,Yes,"We live in a time where information and knowledge have never been more abundant. From industry leaders and NGOs to policy makers, from educators to research specialists, the decisions that shape our future will rely on graduates who can extract meaning from large volumes of data and transmit it to community and industry leaders.",Australia,No,4.0,"46,000",No,6.5,IELTS,Applied Data Science Advanced,Melbourne,AUD,No,
Yes,Equivalent AQF Degree Level,Years,English,Computer Science & Information Technology,A,Yes,Year 12,BA,No,Years,https://www.monash.edu/study/courses/find-a-course/2021/architectural-design-f2001?international=true,Monash University,Yes,"Progressive, dynamic and regarded by industry as a champion of change, Monash Architecture places you in a position to imagine the new environments of the future and shape the way we live and interact with one another.",Australia,No,3.0,"41,000",No,6.5,IELTS,Architectural Design,Melbourne,AUD,No,
Yes,Equivalent AQF Degree Level,Years,English,Computer Science & Information Technology,A,Yes,Year 12,BA,No,Years,https://www.monash.edu/study/courses/find-a-course/2021/arts-2618?international=true,Monash University,Yes,"Progressive, dynamic and regarded by industry as a champion of change, Monash Architecture places you in a position to imagine the new environments of the future and shape the way we live and interact with one another.",Australia,No,3.0,"41,000",No,6.5,IELTS,Architectural Design,Melbourne,AUD,No,
Yes,Equivalent AQF Degree Level,Years,English,Creative Arts & Design & Music,A,Yes,Year 12,BA,No,Years,https://www.monash.edu/study/courses/find-a-course/2021/arts-a2000?international=true,Monash University,Yes,"Explore ideas, cultures and places with a Bachelor of Arts. Choose from almost 40 different areas of study, open new career pathways with an internship, or take advantage of study opportunities overseas including the Global Immersion Guarantee - a funded study trip for all first year students.",Australia,No,3.0,"33,000",No,6.5,IELTS,Arts,Melbourne,AUD,No,
Yes,Equivalent AQF Degree Level,Years,English,Creative Arts & Design & Music,A,Yes,Year 12,BA,No,Years,https://www.monash.edu/study/courses/find-a-course/2021/arts-a2000?international=true,Monash University,Yes,"Explore ideas, cultures and places with a Bachelor of Arts. Choose from almost 40 different areas of study, open new career pathways with an internship, or take advantage of study opportunities overseas including the Global Immersion Guarantee - a funded study trip for all first year students.",Australia,No,3.0,"33,000",No,6.5,IELTS,Arts,Melbourne,AUD,No,
Yes,Equivalent AQF Degree Level,Years,English,Creative Arts & Design & Music,A,Yes,Year 12,BA,No,Year,https://www.monash.edu/study/courses/find-a-course/2021/arts-a3701?international=true,Monash University,Yes,"Explore ideas, cultures and places with a Bachelor of Arts. Choose from almost 40 different areas of study, open new career pathways with an internship, or take advantage of study opportunities overseas including the Global Immersion Guarantee - a funded study trip for all first year students.",Australia,No,1.0,"33,000",No,6.5,IELTS,Arts,Melbourne,AUD,No,
Yes,Equivalent AQF Degree Level,Years,English,Creative Arts & Design & Music,A,Yes,Year 12,BA,No,Year,https://www.monash.edu/study/courses/find-a-course/2021/arts-a3701?international=true,Monash University,Yes,"Explore ideas, cultures and places with a Bachelor of Arts. Choose from almost 40 different areas of study, open new career pathways with an internship, or take advantage of study opportunities overseas including the Global Immersion Guarantee - a funded study trip for all first year students.",Australia,No,1.0,"33,000",No,6.5,IELTS,Arts,Melbourne,AUD,No,
Yes,Equivalent AQF Degree Level,Years,English,Law,A,Yes,Year 12,BA,No,Years,https://www.monash.edu/study/courses/find-a-course/2021/arts-and-criminology-a2012?international=true,Monash University,Yes,"This double degree will give you the foundation to analyse crime, victimisation, and the criminal justice system, together with lifelong critical thinking that is acquired through study in the arts and humanities. Gain the industry-relevant specialist skills needed for working in a world of constant change.",Australia,No,4.0,"33,000",No,6.5,IELTS,Arts and Criminology,Melbourne,AUD,No,
Yes,Equivalent AQF Degree Level,Years,English,Creative Arts & Design & Music,A,Yes,Year 12,BA,No,Years,https://www.monash.edu/study/courses/find-a-course/2021/arts-and-fine-art-a2005?international=true,Monash University,Yes,"Immerse yourself in a range of conceptual and practical approaches to fine art making, while gaining a sound knowledge of arts, social science and humanities in this unique double degree combination.",Australia,No,4.0,"33,800",No,6.5,IELTS,Arts and Fine Art,Melbourne,AUD,No,
Yes,Equivalent AQF Degree Level,Years,English,Creative Arts & Design & Music,A,Yes,Year 12,BA,No,Years,https://www.monash.edu/study/courses/find-a-course/2021/arts-and-music-a2004?international=true,Monash University,Yes,"The Bachelor of Arts and Music allows you compliment your passion for music with the breadth of humanities and social sciences. Explore the history, culture or language of the music you're playing, or add to your career flexibility with music through theatre, performance, film or journalism.",Australia,No,4.0,"33,000",No,6.5,IELTS,Arts and Music,Melbourne,AUD,No,
Yes,Equivalent AQF Degree Level,Years,English,Business & Economics,A,Yes,Year 12,BA,No,Years,https://www.monash.edu/study/courses/find-a-course/2021/banking-and-finance-b2042?international=true,Monash University,Yes,"If you're keen to make decisions based on rigorous financial analysis, a Bachelor of Banking and Finance may be the right course for you. Delve into the complexities of the banking and finance sector and gain the skills to manage money in an institutional setting.",Australia,No,3.0,"45,000",No,6.5,IELTS,Banking and Finance,Melbourne,AUD,No,
Yes,Equivalent AQF Degree Level,Years,English,Medical and Nursing,A,Yes,Year 12,BA,No,Years,https://www.monash.edu/study/courses/find-a-course/2021/biomedical-science-m2003?international=true,Monash University,Yes,"The Bachelor of Biomedical Science helps you understand disease, how it occurs and how we can prevent it to better improve quality of life. This multidisciplinary course offers units relating to biomedical chemistry, bioinformatics and human genetics. Graduates of this course will pursue careers in research, teaching, health promotion and much more.",Australia,No,3.0,"41,900",No,6.5,IELTS,Biomedical Science,Melbourne,AUD,No,
Yes,Equivalent AQF Degree Level,Years,English,Medical and Nursing,A,Yes,Year 12,BA,No,Year,https://www.monash.edu/study/courses/find-a-course/2021/biomedical-science-m3702?international=true,Monash University,Yes,"The Bachelor of Biomedical Science helps you understand disease, how it occurs and how we can prevent it to better improve quality of life. This multidisciplinary course offers units relating to biomedical chemistry, bioinformatics and human genetics. Graduates of this course will pursue careers in research, teaching, health promotion and much more.",Australia,No,1.0,"42,000",No,6.5,IELTS,Biomedical Science,Melbourne,AUD,No,
Yes,Equivalent AQF Degree Level,Years,English,Medical and Nursing,A,Yes,Year 12,BA,No,Year,https://www.monash.edu/study/courses/find-a-course/2021/business-business-education-2647?international=true,Monash University,Yes,"The Bachelor of Biomedical Science helps you understand disease, how it occurs and how we can prevent it to better improve quality of life. This multidisciplinary course offers units relating to biomedical chemistry, bioinformatics and human genetics. Graduates of this course will pursue careers in research, teaching, health promotion and much more.",Australia,No,1.0,"42,000",No,6.5,IELTS,Biomedical Science,Melbourne,AUD,No,
Yes,Equivalent AQF Degree Level,Years,English,Medical and Nursing,A,Yes,Year 12,BA,No,Year,https://www.monash.edu/study/courses/find-a-course/2021/business-business-2607?international=true,Monash University,Yes,"The Bachelor of Biomedical Science helps you understand disease, how it occurs and how we can prevent it to better improve quality of life. This multidisciplinary course offers units relating to biomedical chemistry, bioinformatics and human genetics. Graduates of this course will pursue careers in research, teaching, health promotion and much more.",Australia,No,1.0,"42,000",No,6.5,IELTS,Biomedical Science,Melbourne,AUD,No,
Yes,Equivalent AQF Degree Level,Years,English,Medical and Nursing,A,Yes,Year 12,BA,No,Year,https://www.monash.edu/study/courses/find-a-course/2021/business-commerce-2608?international=true,Monash University,Yes,"The Bachelor of Biomedical Science helps you understand disease, how it occurs and how we can prevent it to better improve quality of life. This multidisciplinary course offers units relating to biomedical chemistry, bioinformatics and human genetics. Graduates of this course will pursue careers in research, teaching, health promotion and much more.",Australia,No,1.0,"42,000",No,6.5,IELTS,Biomedical Science,Melbourne,AUD,No,
Yes,Equivalent AQF Degree Level,Years,English,Business & Economics,A,Yes,Year 12,BA,No,Year,https://www.monash.edu/study/courses/find-a-course/2021/business-b2000?international=true,Monash University,Yes,"A Bachelor of Business will delve into the dynamic world of business and what makes organisations, brands and markets function effectively. How are brands built? What causes stock markets to soar (and slide)? Why do some businesses boom and others fail? Explore all of these questions and more.",Australia,No,1.0,"45,000",No,6.5,IELTS,Business,Melbourne,AUD,No,
Yes,Equivalent AQF Degree Level,Years,English,Business & Economics,A,Yes,Year 12,BA,No,Years,https://www.monash.edu/study/courses/find-a-course/2021/business-administration-b2007?international=true,Monash University,Yes,"What have Uber, Boost and Deliveroo taught us? With a Bachelor of Business Administration you'll learn how entrepreneurial flair mixed with practical skills can turn a great idea into a booming business. Gain the business administration skills to manage an organisation or run your own business.",Australia,No,3.0,"45,000",No,6.5,IELTS,Business Administration,Melbourne,AUD,No,
Yes,Equivalent AQF Degree Level,Years,English,Business & Economics,A,Yes,Year 12,BA,No,Years,https://www.monash.edu/study/courses/find-a-course/2021/business-administration-and-arts-b2046?international=true,Monash University,Yes,"Why study a double degree in Business Administration and Arts? With Business Administration, you'll gain the crucial management and administration skills required for a career in business. With Arts, you can choose from almost 40 major and minor areas of study.",Australia,No,4.0,"45,000",No,6.5,IELTS,Business Administration and Arts,Melbourne,AUD,No,
Yes,Equivalent AQF Degree Level,Years,English,Business & Economics,A,Yes,Year 12,BA,No,Years,https://www.monash.edu/study/courses/find-a-course/2021/business-administration-and-arts-b2046?international=true,Monash University,Yes,"Why study a double degree in Business Administration and Arts? With Business Administration, you'll gain the crucial management and administration skills required for a career in business. With Arts, you can choose from almost 40 major and minor areas of study.",Australia,No,4.0,"45,000",No,6.5,IELTS,Business Administration and Arts,Melbourne,AUD,No,
Yes,Equivalent AQF Degree Level,Years,English,Business & Economics,A,Yes,Year 12,BA,No,Years,https://www.monash.edu/study/courses/find-a-course/2021/business-administration-and-arts-b2046?international=true,Monash University,Yes,"Why study a double degree in Business Administration and Arts? With Business Administration, you'll gain the crucial management and administration skills required for a career in business. With Arts, you can choose from almost 40 major and minor areas of study.",Australia,No,4.0,"45,000",No,6.5,IELTS,Business Administration and Arts,Melbourne,AUD,No,
Yes,Equivalent AQF Degree Level,Years,English,Business & Economics,A,Yes,Year 12,BA,No,Years,https://www.monash.edu/study/courses/find-a-course/2021/business-administration-and-media-communication-b2045?international=true,Monash University,Yes,"Why study Business Administration and Media Communication? With Business Administration, you'll gain crucial management and administration skills. With Media Communication, you'll develop your practical experience and build a portfolio of media communications work.",Australia,No,4.0,"45,000",No,6.5,IELTS,Business Administration and Media Communication,Melbourne,AUD,No,
Yes,Equivalent AQF Degree Level,Years,English,Business & Economics,A,Yes,Year 12,BA,No,Years,https://www.monash.edu/study/courses/find-a-course/2021/business-administration-and-media-communication-b2045?international=true,Monash University,Yes,"Why study Business Administration and Media Communication? With Business Administration, you'll gain crucial management and administration skills. With Media Communication, you'll develop your practical experience and build a portfolio of media communications work.",Australia,No,4.0,"45,000",No,6.5,IELTS,Business Administration and Media Communication,Melbourne,AUD,No,
Yes,Equivalent AQF Degree Level,Years,English,Business & Economics,A,Yes,Year 12,BA,No,Years,https://www.monash.edu/study/courses/find-a-course/2021/business-and-accounting-b2040?international=true,Monash University,Yes,"Why study a double degree in Business and Accounting? With Business, you'll explore a broad range of business disciplines - from finance and law to statistics and management. In Accounting, you'll learn to make strategic decisions about an organisation's financial and non-financial situation.",Australia,No,4.0,"45,000",No,6.5,IELTS,Business and Accounting,Melbourne,AUD,No,
Yes,Equivalent AQF Degree Level,Years,English,Business & Economics,A,Yes,Year 12,BA,No,Years,https://www.monash.edu/study/courses/find-a-course/2021/business-and-arts-b2019?international=true,Monash University,Yes,"Why study a double degree in Commerce and Arts? With Commerce, you'll learn how to think conceptually, solve problems analytically and use data to make informed decisions. With Arts, you can choose from almost 40 major and minor areas of study and explore your passions and career goals.",Australia,No,4.0,"45,000",No,6.5,IELTS,Business and Arts,Melbourne,AUD,No,
Yes,Equivalent AQF Degree Level,Years,English,Business & Economics,A,Yes,Year 12,BA,No,Years,https://www.monash.edu/study/courses/find-a-course/2021/business-and-banking-and-finance-b2035?international=true,Monash University,Yes,"Why study a double degree in Business and Banking and Finance? With Business, you'll explore everything from finance and law to statistics and management. With Banking and Finance, you'll build specialist financial knowledge and complete a research project or industry internship.",Australia,No,4.0,"45,000",No,6.5,IELTS,Business and Banking and Finance,Melbourne,AUD,No,
Yes,Equivalent AQF Degree Level,Years,English,Computer Science & Information Technology,A,Yes,Year 12,BA,No,Years,https://www.monash.edu/study/courses/find-a-course/2021/business-and-information-technology-b2017?international=true,Monash University,Yes,"Why study a double degree in Business and IT? With Business, you'll explore everything from finance and law to statistics and management. With Information Technology, you'll develop and manage IT-based systems and use computer-based technologies to solve problems. A dynamic combination.",Australia,No,4.0,"45,000",No,6.5,IELTS,Business and Information Technology,Melbourne,AUD,No,
Yes,Equivalent AQF Degree Level,Years,English,Business & Economics,A,Yes,Year 12,BA,No,Years,https://www.monash.edu/study/courses/find-a-course/2021/business-and-international-business-b2041?international=true,Monash University,Yes,"Why study a double degree in Business and International Business? With Business, you'll explore a range of business disciplines - from finance and law to statistics and management. With International Business, you'll learn the intricacies of doing business in different countries and environments.",Australia,No,4.0,"45,000",No,6.5,IELTS,Business and International Business,Melbourne,AUD,No,
Yes,Equivalent AQF Degree Level,Years,English,Business & Economics,A,Yes,Year 12,BA,No,Years,https://www.monash.edu/study/courses/find-a-course/2021/business-and-international-business-b2041?international=true,Monash University,Yes,"Why study a double degree in Business and International Business? With Business, you'll explore a range of business disciplines - from finance and law to statistics and management. With International Business, you'll learn the intricacies of doing business in different countries and environments.",Australia,No,4.0,"45,000",No,6.5,IELTS,Business and International Business,Melbourne,AUD,No,
Yes,Equivalent AQF Degree Level,Years,English,Business & Economics,A,Yes,Year 12,BA,No,Years,https://www.monash.edu/study/courses/find-a-course/2021/business-and-marketing-b2037?international=true,Monash University,Yes,"Why study Business and Marketing? With Business, you'll explore everything from finance to management. With Marketing, you'll explore social media, advertising, consumer and buyer behaviour, campaign planning, market research, strategy, data analysis, branding and digital marketing.",Australia,No,4.0,"45,000",No,6.5,IELTS,Business and Marketing,Melbourne,AUD,No,
Yes,Equivalent AQF Degree Level,Years,English,Business & Economics,A,Yes,Year 12,BA,No,Years,https://www.monash.edu/study/courses/find-a-course/2021/business-and-media-communication-b2028?international=true,Monash University,Yes,"Why study Business and Media Communication? With Business, you'll explore a broad range of business disciplines - from finance and law to statistics and management. With Media Communication, you'll develop your practical experience and build a portfolio of media communication work.",Australia,No,4.0,"45,000",No,6.5,IELTS,Business and Media Communication,Melbourne,AUD,No,
Yes,Equivalent AQF Degree Level,Years,English,Business & Economics,A,Yes,Year 12,BA,No,Years,https://www.monash.edu/study/courses/find-a-course/2021/commerce-b2001?international=true,Monash University,Yes,"Commerce is an integral part of society. The Bachelor of Commerce explores how our desire to trade what we have for what we want has shaped how people and nations have interacted for millennia, and how global trade and digital disruption are fundamentally changing commerce in society.",Australia,No,3.0,"45,000",No,6.5,IELTS,Commerce,Melbourne,AUD,No,
Yes,Equivalent AQF Degree Level,Years,English,Business & Economics,A,Yes,Year 12,BA,No,Year,https://www.monash.edu/study/courses/find-a-course/2021/commerce-b3701?international=true,Monash University,Yes,"Commerce is an integral part of society. The Bachelor of Commerce explores how our desire to trade what we have for what we want has shaped how people and nations have interacted for millennia, and how global trade and digital disruption are fundamentally changing commerce in society.",Australia,No,1.0,"45,000",No,6.5,IELTS,Commerce,Melbourne,AUD,No,
Yes,Equivalent AQF Degree Level,Years,English,Business & Economics,A,Yes,Year 12,BA,No,Year,https://www.monash.edu/study/courses/find-a-course/2021/commerce-b3701?international=true,Monash University,Yes,"Commerce is an integral part of society. The Bachelor of Commerce explores how our desire to trade what we have for what we want has shaped how people and nations have interacted for millennia, and how global trade and digital disruption are fundamentally changing commerce in society.",Australia,No,1.0,"45,000",No,6.5,IELTS,Commerce,Melbourne,AUD,No,
Yes,Equivalent AQF Degree Level,Years,English,Business & Economics,A,Yes,Year 12,BA,No,Years,https://www.monash.edu/study/courses/find-a-course/2021/commerce-and-actuarial-science-b2030?international=true,Monash University,Yes,"Why study a double degree in Commerce and Actuarial Science? In a Bachelor of Commerce, you'll learn to think conceptually, solve problems analytically and use data to make informed decisions. In a Bachelor of Actuarial Science, you'll use mathematics to help companies plan for the future.",Australia,No,4.0,"45,000",No,6.5,IELTS,Commerce and Actuarial Science,Melbourne,AUD,No,
Yes,Equivalent AQF Degree Level,Years,English,Business & Economics,A,Yes,Year 12,BA,No,Years,https://www.monash.edu/study/courses/find-a-course/2021/commerce-and-arts-b2020?international=true,Monash University,Yes,"Why study a double degree in Commerce and Arts? With Commerce, you'll learn how to think conceptually, solve problems analytically and use data to make informed decisions. With Arts, you can choose from almost 40 major and minor areas of study and explore your passions and career goals.",Australia,No,4.0,"45,000",No,6.5,IELTS,Commerce and Arts,Melbourne,AUD,No,
Yes,Equivalent AQF Degree Level,Years,English,Business & Economics,A,Yes,Year 12,BA,No,Years,https://www.monash.edu/study/courses/find-a-course/2021/commerce-and-biomedical-science-b2021?international=true,Monash University,Yes,"Why study a double degree in Commerce and Biomedical Science? With Commerce, you'll learn to think conceptually and analytically and use data to make informed decisions. With Biomedical Science, you'll study scientific breakthroughs that will shape the jobs of the future in rapidly growing fields.",Australia,No,4.0,"45,000",No,6.5,IELTS,Commerce and Biomedical Science,Melbourne,AUD,No,
Yes,Equivalent AQF Degree Level,Years,English,Computer Science & Information Technology,A,Yes,Year 12,BA,No,Years,https://www.monash.edu/study/courses/find-a-course/2021/commerce-and-computer-science-b2008?international=true,Monash University,Yes,"Why study Commerce and Computer Science? With Commerce, you'll learn to think conceptually and analytically and use data to make informed decisions. With Computer Science, you’ll learn about digital innovation, big data and computing and how to apply research and technology in a range of contexts.",Australia,No,4.0,"45,000",No,6.5,IELTS,Commerce and Computer Science,Melbourne,AUD,No,
Yes,Equivalent AQF Degree Level,Years,English,Business & Economics,A,Yes,Year 12,BA,No,Years,https://www.monash.edu/study/courses/find-a-course/2021/commerce-and-economics-b2032?international=true,Monash University,Yes,"Why study a double degree in Commerce and Economics? With Commerce, you'll learn to think conceptually, solve problems analytically and use data to make informed decisions. With Economics, you'll explore how local, national and global economies function using the latest economic theories and tools.",Australia,No,4.0,"45,000",No,6.5,IELTS,Commerce and Economics,Melbourne,AUD,No,
Yes,Equivalent AQF Degree Level,Years,English,Business & Economics,A,Yes,Year 12,BA,No,Years,https://www.monash.edu/study/courses/find-a-course/2021/commerce-and-finance-b2043?international=true,Monash University,Yes,"Why study Commerce and Finance? With Commerce, you'll learn to think conceptually and analytically and use data to make informed decisions. In Finance, you'll explore equities and investments, debt markets and fixed income securities, financial modelling and corporate and international finance.",Australia,No,4.0,"45,000",No,6.5,IELTS,Commerce and Finance,Melbourne,AUD,No,
Yes,Equivalent AQF Degree Level,Years,English,Business & Economics,A,Yes,Year 12,BA,No,Years,https://www.monash.edu/study/courses/find-a-course/2021/commerce-and-global-studies-b2006?international=true,Monash University,Yes,"Why study a double degree in Commerce and Global Studies? With Commerce, you’ll learn to think analytically and use data to make informed decisions and influence change. With Global Studies, you'll explore the drivers of social change. You can also study part of your course overseas.",Australia,No,4.0,"45,000",No,6.5,IELTS,Commerce and Global Studies,Melbourne,AUD,No,
Yes,Equivalent AQF Degree Level,Years,English,Computer Science & Information Technology,A,Yes,Year 12,BA,No,Years,https://www.monash.edu/study/courses/find-a-course/2021/commerce-and-information-technology-b2025?international=true,Monash University,Yes,"Why study a double degree in Commerce and Information Technology? With Commerce, you'll learn to think analytically and use data to make informed decisions and influence change. With Information Technology, you'll learn to drive innovation in the way people communicate, conduct business and experience the world.",Australia,No,4.0,"45,000",No,6.5,IELTS,Commerce and Information Technology,Melbourne,AUD,No,
Yes,Equivalent AQF Degree Level,Years,English,Business & Economics,A,Yes,Year 12,BA,No,Years,https://www.monash.edu/study/courses/find-a-course/2021/commerce-and-music-b2022?international=true,Monash University,Yes,"Why study a double degree in Commerce and Music? With Commerce, you'll learn to think conceptually and analytically and use data to make informed decisions. With Music, you’ll collaborate with international artists and learn from accomplished musicians.",Australia,No,4.0,"45,000",No,6.5,IELTS,Commerce and Music,Melbourne,AUD,No,
Yes,Equivalent AQF Degree Level,Years,English,Business & Economics,A,Yes,Year 12,BA,No,Years,https://www.monash.edu/study/courses/find-a-course/2021/commerce-and-science-b2023?international=true,Monash University,Yes,"Why study a double degree in Commerce and Science? In a Bachelor of Commerce, you'll learn to think analytically and use data to make informed decisions and influence change. In a Bachelor of Science, you can choose from more than 25 major and minor areas of study.",Australia,No,4.0,"45,000",No,6.5,IELTS,Commerce and Science,Melbourne,AUD,No,
Yes,Equivalent AQF Degree Level,Years,English,Computer Science & Information Technology,A,Yes,Year 12,BA,No,Years,https://www.monash.edu/study/courses/find-a-course/2021/computer-science-c2001?international=true,Monash University,Yes,"A Bachelor of Computer Science equips you to thrive in a diverse range of roles, from specialist programmer to forensic computer analyst. Guided by some of the greatest minds in the field, you’ll gain problem-solving, programming and analytical skills – and learn how to apply them in the real world.",Australia,No,3.0,"42,800",No,6.5,IELTS,Computer Science,Melbourne,AUD,No,
Yes,Equivalent AQF Degree Level,Years,English,Computer Science & Information Technology,A,Yes,Year 12,BA,No,Year,https://www.monash.edu/study/courses/find-a-course/2021/computer-science-c3702?international=true,Monash University,Yes,"A Bachelor of Computer Science equips you to thrive in a diverse range of roles, from specialist programmer to forensic computer analyst. Guided by some of the greatest minds in the field, you’ll gain problem-solving, programming and analytical skills – and learn how to apply them in the real world.",Australia,No,1.0,"42,800",No,6.5,IELTS,Computer Science,Melbourne,AUD,No,
Yes,Equivalent AQF Degree Level,Years,English,Computer Science & Information Technology,A,Yes,Year 12,BA,No,Years,https://www.monash.edu/study/courses/find-a-course/2021/computer-science-advanced-c3001?international=true,Monash University,Yes,"The Bachelor of Computer Science Advanced (Honours) suits high achievers looking to enhance their research and programming skills – and gain hands-on experience. The course prepares you to fast track a masters, complete a PhD or pursue careers such as chief information officer and data architect.",Australia,No,4.0,"42,800",No,6.5,IELTS,Computer Science Advanced,Melbourne,AUD,No,
Yes,Equivalent AQF Degree Level,Years,English,Law,A,Yes,Year 12,BA,No,Years,https://www.monash.edu/study/courses/find-a-course/2021/criminology-a2008?international=true,Monash University,Yes,"In the Bachelor of Criminology at Monash, you’ll learn to identify credible evidence, understand how to measure and analyse the impact of policy, and develop solutions to real-world problems of crime and justice. Equip yourself with the skills and knowledge relevant to careers in Criminology.",Australia,No,3.0,"33,000",No,6.5,IELTS,Criminology,Melbourne,AUD,No,
Yes,Equivalent AQF Degree Level,Years,English,Computer Science & Information Technology,A,Yes,Year 12,BA,No,Years,https://www.monash.edu/study/courses/find-a-course/2021/criminology-and-information-technology-a2009?international=true,Monash University,Yes,"The Bachelor of Criminology and Bachelor of Information Technology double degree equips students with industry-relevant specialist skills to prepare for working and living in a world of constant technological, environmental, political and population change.",Australia,No,4.0,"42,800",No,6.5,IELTS,Criminology and Information Technology,Melbourne,AUD,No,
Yes,Equivalent AQF Degree Level,Years,English,Creative Arts & Design & Music,A,Yes,Year 12,BA,No,Years,https://www.monash.edu/study/courses/find-a-course/2021/design-f2010?international=true,Monash University,Yes,"With specialisations in Communication Design, Industrial Design, Spatial Design or Collaborative Design, our Bachelor of Design degree responds to the increasing global demand for designers who can respond to the complexity of contemporary global society, be inclusive and ethical and contribute sustainably. Our most complex challenges are a call to action for all designers.",Australia,No,3.0,"34,100",No,6.5,IELTS,Design,Melbourne,AUD,No,
Yes,Equivalent AQF Degree Level,Years,English,Creative Arts & Design & Music,A,Yes,Year 12,BA,No,Year,https://www.monash.edu/study/courses/find-a-course/2021/design-f3703?international=true,Monash University,Yes,"With specialisations in Communication Design, Industrial Design, Spatial Design or Collaborative Design, our Bachelor of Design degree responds to the increasing global demand for designers who can respond to the complexity of contemporary global society, be inclusive and ethical and contribute sustainably. Our most complex challenges are a call to action for all designers.",Australia,No,1.0,"32,860",No,6.5,IELTS,Design,Melbourne,AUD,No,
Yes,Equivalent AQF Degree Level,Years,English,Business & Economics,A,Yes,Year 12,BA,No,Years,https://www.monash.edu/study/courses/find-a-course/2021/design-and-business-f2011?international=true,Monash University,Yes,Gain the entrepreneurial edge by combining design and business in the double degree to learn contemporary design thinking and production skills while developing the business knowledge to support your creative endeavours or those of others.,Australia,No,4.0,"45,000",No,6.5,IELTS,Design and Business,Melbourne,AUD,No,
Yes,Equivalent AQF Degree Level,Years,English,Computer Science & Information Technology,A,Yes,Year 12,BA,No,Years,https://www.monash.edu/study/courses/find-a-course/2021/design-and-information-technology-f2012?international=true,Monash University,Yes,"Create ‘smart’ products, sophisticated interactive tools, or the next generation of gaming devices or wearable technologies. You’ll graduate with two degrees, able to develop solutions that combine compelling design with the latest technologies.",Australia,No,4.0,"42,800",No,6.5,IELTS,Design and Information Technology,Melbourne,AUD,No,
Yes,Equivalent AQF Degree Level,Years,English,Mass Communication & Media,A,Yes,Year 12,BA,No,Years,https://www.monash.edu/study/courses/find-a-course/2021/design-and-media-communication-f2009?international=true,Monash University,Yes,"Design and Media Communication unite in this unique, globally-relevant double degree that blends the visual language of design with the literary and narrative skills of professional communication.",Australia,No,4.0,"33,800",No,6.5,IELTS,Design and Media Communication,Melbourne,AUD,No,
Yes,Equivalent AQF Degree Level,Years,English,Business & Economics,A,Yes,Year 12,BA,No,Years,https://www.monash.edu/study/courses/find-a-course/2021/economics-b2031?international=true,Monash University,Yes,"The Bachelor of Economics is all about exploring the principles our economy is built on, and analysing decisions in a commercial context. Learn to think analytically, solve problems logically, and make informed commercial decisions.",Australia,No,3.0,"45,000",No,6.5,IELTS,Economics,Melbourne,AUD,No,
Yes,Equivalent AQF Degree Level,Years,English,Creative Arts & Design & Music,A,Yes,Year 12,BA,No,Years,https://www.monash.edu/study/courses/find-a-course/2021/education-and-arts-d3002?international=true,Monash University,Yes,"The Bachelor of Education (Honours) and Bachelor of Arts is a double degree course that will provide you with a high quality education in the arts, humanities and social sciences and prepare you to offer students the same in primary or secondary schools.",Australia,No,3.0,"34,000",No,6.5,IELTS,Education and Arts,Melbourne,AUD,No,
Yes,Equivalent AQF Degree Level,Years,English,Business & Economics,A,Yes,Year 12,BA,No,Years,https://www.monash.edu/study/courses/find-a-course/2021/education-and-business-d3007?international=true,Monash University,Yes,The Bachelor of Education (Honours) and Bachelor of Business is a double degree course that will provide you with a high quality education in business and prepare you to offer students the same in primary or secondary schools.,Australia,No,3.0,"45,000",No,6.5,IELTS,Education and Business,Melbourne,AUD,No,
Yes,Equivalent AQF Degree Level,Years,English,Creative Arts & Design & Music,A,Yes,Year 12,BA,No,Years,https://www.monash.edu/study/courses/find-a-course/2021/education-and-fine-art-d3006?international=true,Monash University,Yes,The Bachelor of Education (Honours) and Bachelor of Fine Art is a double degree course that will provide you with a high quality education in fine art and prepare you to work in primary or secondary schools.,Australia,No,3.0,"34,000",No,6.5,IELTS,Education and Fine Art,Melbourne,AUD,No,
Yes,Equivalent AQF Degree Level,Years,English,Creative Arts & Design & Music,A,Yes,Year 12,BA,No,Years,https://www.monash.edu/study/courses/find-a-course/2021/education-and-music-d3004?international=true,Monash University,Yes,The Bachelor of Education (Honours) and Bachelor of Music is a double degree course that will provide you with a high quality education in music and prepare you to offer students the same in primary or secondary schools.,Australia,No,3.0,"34,000",No,6.5,IELTS,Education and Music,Melbourne,AUD,No,
Yes,Equivalent AQF Degree Level,Years,English,Science and Health Science,A,Yes,Year 12,BA,No,Years,https://www.monash.edu/study/courses/find-a-course/2021/education-and-science-d3005?international=true,Monash University,Yes,The Bachelor of Education (Honours) and Bachelor of Science is a double degree course that will provide you with a high quality education in science and prepare you to offer students the same in primary or secondary schools.,Australia,No,3.0,"43,500",No,6.5,IELTS,Education and Science,Melbourne,AUD,No,
Yes,Equivalent AQF Degree Level,Years,English,Science and Health Science,A,Yes,Year 12,BA,No,Years,https://www.monash.edu/study/courses/find-a-course/2021/engineering-engineering-2612?international=true,Monash University,Yes,The Bachelor of Education (Honours) and Bachelor of Science is a double degree course that will provide you with a high quality education in science and prepare you to offer students the same in primary or secondary schools.,Australia,No,3.0,"43,500",No,6.5,IELTS,Education and Science,Melbourne,AUD,No,
Yes,Equivalent AQF Degree Level,Years,English,Engineering,A,Yes,Year 12,BA,No,Years,https://www.monash.edu/study/courses/find-a-course/2021/engineering-e3001?international=true,Monash University,Yes,"Bachelor of Engineering (Honours) qualifies you to be an accredited professional engineer. It develops problem solving skills and is strengthened by integrated work placement, and practical hands-on design-and-build activities. Engineers have forged some of the greatest developments in society.",Australia,No,4.0,"46,000",No,6.5,IELTS,Engineering,Melbourne,AUD,No,
Yes,Equivalent AQF Degree Level,Years,English,Engineering,A,Yes,Year 12,PG,No,Years,https://www.monash.edu/study/courses/find-a-course/2021/engineering-and-advanced-engineering-e6003?international=true,Monash University,Yes,"Bachelor of Engineering (Honours) / Masters is a vertical double degree pathway. This is an accelerated program for students to attain both a Bachelor of Engineering (Honours) and an expert master’s degree in Advanced Engineering, in just five years.",Australia,No,5.0,"[<strong>International Students - Full Fee</strong>, <strong>A$44,400.</strong>, <strong>A$44,400.",No,6.5,IELTS,Engineering and Advanced Engineering,Melbourne,AUD,No,
Yes,Equivalent AQF Degree Level,Years,English,Engineering,A,Yes,Year 12,BA,No,Years,https://www.monash.edu/study/courses/find-a-course/2021/engineering-and-architectural-design-e3009?international=true,Monash University,Yes,"Be a multifaceted built environment professional with this double degree in engineering and architectural design double degree. You'll provide important leadership in the design and construction of the built environment, collaborating with architects, engineers, builders and other design professionals.",Australia,No,5.0,"46,000",No,6.5,IELTS,Engineering and Architectural Design,Melbourne,AUD,No,
Yes,Equivalent AQF Degree Level,Years,English,Engineering,A,Yes,Year 12,BA,No,Years,https://www.monash.edu/study/courses/find-a-course/2021/engineering-and-arts-e3002?international=true,Monash University,Yes,"Bachelor of Engineering and Arts is a double degree focusing on real world problems to illustrate the interaction between engineering and society, and introduces the range of engineering disciplines available. The engineering/arts double degree offers diversity, flexibility and more career choices.",Australia,No,5.0,"46,000",No,6.5,IELTS,Engineering and Arts,Melbourne,AUD,No,
Yes,Equivalent AQF Degree Level,Years,English,Engineering,A,Yes,Year 12,BA,No,Years,https://www.monash.edu/study/courses/find-a-course/2021/engineering-and-biomedical-science-e3004?international=true,Monash University,Yes,"Engineering and Biomedical science is a double degree that can lead to a rewarding career designing medical technology to improve human lives. The course lets you to combine one additional disciplines such as; anatomy, biochemistry, clinical medicine, epidemiology, preventative medicine, and more",Australia,No,5.0,"46,000",No,6.5,IELTS,Engineering and Biomedical Science,Melbourne,AUD,No,
Yes,Equivalent AQF Degree Level,Years,English,Engineering,A,Yes,Year 12,BA,No,Years,https://www.monash.edu/study/courses/find-a-course/2021/engineering-and-commerce-e3005?international=true,Monash University,Yes,"Engineering and Commerce is a double degree combination that develops business skills and complements the qualities that make engineers competent business leaders: problem solving skills, planning skills, their focus on the future and continuous improvement.",Australia,No,5.0,"46,000",No,6.5,IELTS,Engineering and Commerce,Melbourne,AUD,No,
Yes,Equivalent AQF Degree Level,Years,English,Engineering,A,Yes,Year 12,BA,No,Years,https://www.monash.edu/study/courses/find-a-course/2021/engineering-and-computer-science-e3010?international=true,Monash University,Yes,"Engineering and computer science is a double degree course offering theoretical and practical skills to solve engineering problems, create cutting-edge controller software, pair electrical and computer systems engineering or software engineering with computer science to create innovative solutions.",Australia,No,5.0,"46,000",No,6.5,IELTS,Engineering and Computer Science,Melbourne,AUD,No,
Yes,Equivalent AQF Degree Level,Years,English,Engineering,A,Yes,Year 12,BA,No,Years,https://www.monash.edu/study/courses/find-a-course/2021/engineering-and-design-e3012?international=true,Monash University,Yes,Do you have an eye for form and function? Do you like to build things? Gain the technical and project management skills of an engineer with the creativity and manufacturing know-how of an industrial designer in this highly-rewarding double degree.,Australia,No,5.0,"46,000",No,6.5,IELTS,Engineering and Design,Melbourne,AUD,No,
Yes,Equivalent AQF Degree Level,Years,English,Engineering,A,Yes,Year 12,BA,No,Years,https://www.monash.edu/study/courses/find-a-course/2021/engineering-and-information-technology-e3011?international=true,Monash University,Yes,Engineering and Information Technology is a double degree focusing on creative and problem solving skills to use IT in engineering applications. IT underpins engineering practice in all disciplines and industry needs graduates with skills and expertise spanning both.,Australia,No,5.0,"46,000",No,6.5,IELTS,Engineering and Information Technology,Melbourne,AUD,No,
Yes,Equivalent AQF Degree Level,Years,English,Engineering,A,Yes,Year 12,BA,No,Years,https://www.monash.edu/study/courses/find-a-course/2021/engineering-and-pharmaceutical-science-e3008?international=true,Monash University,Yes,Engineering and Pharmaceutical science is a unique and rare double degree. This degree produces professionals capable of covering the full spectrum of the pharmaceutical product design and development process.,Australia,No,5.0,"46,000",No,6.5,IELTS,Engineering and Pharmaceutical Science,Melbourne,AUD,No,
Yes,Equivalent AQF Degree Level,Years,English,Engineering,A,Yes,Year 12,BA,No,Years,https://www.monash.edu/study/courses/find-a-course/2021/engineering-and-science-e3007?international=true,Monash University,Yes,"A Bachelor of Engineering and Science focuses on real life problems to help understand the interaction between engineering and society. The combinations of engineering and science fields are almost limitless, providing many possible career choices.",Australia,No,5.0,"46,000",No,6.5,IELTS,Engineering and Science,Melbourne,AUD,No,
Yes,Equivalent AQF Degree Level,Years,English,Business & Economics,A,Yes,Year 12,BA,No,Years,https://www.monash.edu/study/courses/find-a-course/2021/finance-b2034?international=true,Monash University,Yes,"If you're interested in how to invest and manage money, a Bachelor of Finance could be for you. You'll explore corporate finance, equities and investments, debt markets and fixed income securities, financial modelling and international finance.",Australia,No,3.0,"45,000",No,6.5,IELTS,Finance,Melbourne,AUD,No,
Yes,Equivalent AQF Degree Level,Years,English,Creative Arts & Design & Music,A,Yes,Year 12,BA,No,Years,https://www.monash.edu/study/courses/find-a-course/2021/fine-art-f2003?international=true,Monash University,Yes,"Our Bachelor of Fine Art enables you to create an art practice of relevance and value to contemporary culture, whether you choose to specialise in Fine Art to become an artist or alternatively select Art History and Curating.",Australia,No,3.0,"32,860",No,6.5,IELTS,Fine Art,Melbourne,AUD,No,
Yes,Equivalent AQF Degree Level,Years,English,Creative Arts & Design & Music,A,Yes,Year 12,BA,No,Year,https://www.monash.edu/study/courses/find-a-course/2021/fine-art-f3701?international=true,Monash University,Yes,"Our Bachelor of Fine Art enables you to create an art practice of relevance and value to contemporary culture, whether you choose to specialise in Fine Art to become an artist or alternatively select Art History and Curating.",Australia,No,1.0,"32,860",No,6.5,IELTS,Fine Art,Melbourne,AUD,No,
Yes,Equivalent AQF Degree Level,Years,English,Business & Economics,A,Yes,Year 12,BA,No,Years,https://www.monash.edu/study/courses/find-a-course/2021/fine-art-and-business-f2007?international=true,Monash University,Yes,"Make your mark in the creative industries by combining your curatorial knowledge or artistic talents with entrepreneurial skills. You'll graduate with two degrees, able to pursue a career in either field separately, or together as a creative practitioner with first-class business skills.",Australia,No,4.0,"45,000",No,6.5,IELTS,Fine Art and Business,Melbourne,AUD,No,
Yes,Equivalent AQF Degree Level,Years,English,Computer Science & Information Technology,A,Yes,Year 12,BA,No,Years,https://www.monash.edu/study/courses/find-a-course/2021/fine-art-and-information-technology-f2006?international=true,Monash University,Yes,Merge your fine art skills with information technology to help shape the future of areas like interactive media or games development. By blending traditional fine art making with cutting-edge IT theories you’ll graduate ready to push the boundaries of the growing intersection of IT and fine art.,Australia,No,4.0,"42,800",No,6.5,IELTS,Fine Art and Information Technology,Melbourne,AUD,No,
Yes,Equivalent AQF Degree Level,Years,English,Mass Communication & Media,A,Yes,Year 12,BA,No,Years,https://www.monash.edu/study/courses/find-a-course/2021/fine-art-and-media-communication-f2013?international=true,Monash University,Yes,This industry-focused degree positions you as a contemporary art and communication specialist with the ability to work across the global media industry as a multi-skilled professional.,Australia,No,4.0,"42,800",No,6.5,IELTS,Fine Art and Media Communication,Melbourne,AUD,No,
Yes,Equivalent AQF Degree Level,Years,English,Business & Economics,A,Yes,Year 12,BA,No,Years,https://www.monash.edu/study/courses/find-a-course/2021/global-studies-a2001?international=true,Monash University,Yes,"With the Bachelor of Global Studies, you’ll break down global challenges and formulate innovative solutions. Studying overseas is integral to the course – choose from a range of international opportunities from the Global Immersion Guarantee, study tours, or studying at a prestigious partner uni.",Australia,No,3.0,"33,000",No,6.5,IELTS,Global Studies,Melbourne,AUD,No,
Yes,Equivalent AQF Degree Level,Years,English,Computer Science & Information Technology,A,Yes,Year 12,BA,No,Years,https://www.monash.edu/study/courses/find-a-course/2021/global-studies-and-information-technology-a2015?international=true,Monash University,Yes,"Learn how to critically analyse global challenges facing communities around the world, while exploring a broad range of areas in IT including cybersecurity and game developing. You could be designing a game for social change or building an app that connects societies.",Australia,No,4.0,"33,000",No,6.5,IELTS,Global Studies and Information Technology,Melbourne,AUD,No,
Yes,Equivalent AQF Degree Level,Years,English,English,A,Yes,Year 12,BA,No,Years,https://www.monash.edu/study/courses/find-a-course/2021/health-sciences-m2014?international=true,Monash University,Yes,"The Bachelor of Health Sciences allows you to apply scientific approaches to improve health challenges, keeping in mind physiological, behavioural, developmental, social and environmental aspects of human health. Have the opportunity to tailor your degree to pursue a variety of health science careers.",Australia,No,3.0,"34,200",No,6.5,IELTS,Health Sciences,Melbourne,AUD,No,
Yes,Equivalent AQF Degree Level,Years,English,English,A,Yes,Year 12,BA,No,Year,https://www.monash.edu/study/courses/find-a-course/2021/higher-education-d0501?international=true,Monash University,Yes,"The Bachelor of Health Sciences allows you to apply scientific approaches to improve health challenges, keeping in mind physiological, behavioural, developmental, social and environmental aspects of human health. Have the opportunity to tailor your degree to pursue a variety of health science careers.",Australia,No,1.0,"34,200",No,6.5,IELTS,Health Sciences,Melbourne,AUD,No,
Yes,Equivalent AQF Degree Level,Years,English,English,A,Yes,Year 12,BA,No,Year,https://www.monash.edu/study/courses/find-a-course/2021/information-technology-2638?international=true,Monash University,Yes,"The Bachelor of Health Sciences allows you to apply scientific approaches to improve health challenges, keeping in mind physiological, behavioural, developmental, social and environmental aspects of human health. Have the opportunity to tailor your degree to pursue a variety of health science careers.",Australia,No,1.0,"34,200",No,6.5,IELTS,Health Sciences,Melbourne,AUD,No,
Yes,Equivalent AQF Degree Level,Years,English,Computer Science & Information Technology,A,Yes,Year 12,BA,No,Years,https://www.monash.edu/study/courses/find-a-course/2021/information-technology-c2000?international=true,Monash University,Yes,"The Bachelor of Information Technology lets you explore critical areas in IT - while gaining key skills and industry experience. Learning from the best, choose from a comprehensive range of majors and minors that leads to careers such as cloud architect, cybersecurity specialist and games developer.",Australia,No,3.0,"42,800",No,6.5,IELTS,Information Technology,Melbourne,AUD,No,
Yes,Equivalent AQF Degree Level,Years,English,Computer Science & Information Technology,A,Yes,Year 12,BA,No,Years,https://www.monash.edu/study/courses/find-a-course/2021/information-technology-and-arts-c2002?international=true,Monash University,Yes,"Gain technical expertise in IT and a rich understanding of society. Through the Bachelor of Information Technology and Arts, a double degree, you’ll learn how to shape and manage current and emerging technologies – while developing strong communication, research and critical thinking skills.",Australia,No,4.0,"42,800",No,6.5,IELTS,Information Technology and Arts,Melbourne,AUD,No,
Yes,Equivalent AQF Degree Level,Years,English,Computer Science & Information Technology,A,Yes,Year 12,BA,No,Years,https://www.monash.edu/study/courses/find-a-course/2021/information-technology-and-science-c2003?international=true,Monash University,Yes,"Develop a skillset in high demand through the Bachelor of Information Technology and Science. Blending industry projects with diverse disciplines such as human pathology and games development, this comprehensive double degree equips you to advance science with IT.",Australia,No,4.0,"43,500",No,6.5,IELTS,Information Technology and Science,Melbourne,AUD,No,
Yes,Equivalent AQF Degree Level,Years,English,Business & Economics,A,Yes,Year 12,BA,No,Years,https://www.monash.edu/study/courses/find-a-course/2021/international-business-b2005?international=true,Monash University,Yes,"In a Bachelor of International Business, you'll learn to operate in international business settings and gain the skills required to do business in different countries and environments. Many new and exciting business opportunities have resulted from rapid globalisation.",Australia,No,2.0,"45,000",No,6.5,IELTS,International Business,Melbourne,AUD,No,
Yes,Equivalent AQF Degree Level,Years,English,Business & Economics,A,Yes,Year 12,BA,No,Years,https://www.monash.edu/study/courses/find-a-course/2021/international-business-and-arts-b2038?international=true,Monash University,Yes,"Why study a double degree in International Business and Arts? With International Business, you'll learn the intricacies of doing business in different countries and environments. With Arts, you can choose from almost 40 major and minor areas of study and follow your passions and career goals.",Australia,No,2.0,"45,000",No,6.5,IELTS,International Business and Arts,Melbourne,AUD,No,
Yes,Equivalent AQF Degree Level,Years,English,Business & Economics,A,Yes,Year 12,BA,No,Years,https://www.monash.edu/study/courses/find-a-course/2021/international-business-and-arts-b2038?international=true,Monash University,Yes,"Why study a double degree in International Business and Arts? With International Business, you'll learn the intricacies of doing business in different countries and environments. With Arts, you can choose from almost 40 major and minor areas of study and follow your passions and career goals.",Australia,No,2.0,"45,000",No,6.5,IELTS,International Business and Arts,Melbourne,AUD,No,
Yes,Equivalent AQF Degree Level,Years,English,Language & Literature,A,Yes,Year 12,DIP,No,Years,https://www.monash.edu/study/courses/find-a-course/2021/languages-a0501?international=true,Monash University,Yes,"A Diploma of Languages allows you to study a language while also learning about culture, society and history. Whether you are an absolute beginner or a native speaker, you can choose from Chinese, French, German, Indonesian, Italian, Japanese, Korean and Spanish.",Australia,No,2.0,"33,000",No,6.5,IELTS,Languages,Melbourne,AUD,No,
Yes,Equivalent AQF Degree Level,Years,English,Language & Literature,A,Yes,Year 12,DIP,No,Years,https://www.monash.edu/study/courses/find-a-course/2021/languages-a0501?international=true,Monash University,Yes,"A Diploma of Languages allows you to study a language while also learning about culture, society and history. Whether you are an absolute beginner or a native speaker, you can choose from Chinese, French, German, Indonesian, Italian, Japanese, Korean and Spanish.",Australia,No,2.0,"33,000",No,6.5,IELTS,Languages,Melbourne,AUD,No,
Yes,Equivalent AQF Degree Level,Years,English,Law,A,Yes,Year 12,BA,No,Years,https://www.monash.edu/study/courses/find-a-course/2021/laws-l3001?international=true,Monash University,Yes,"The Monash LLB (Hons) provides you with practical knowledge of the Australian legal system. Monash Law is the only law school in Australia to guarantee a clinical legal experience. Work on real cases with real clients, under supervision of expert lawyers, while earning credit towards your degree.",Australia,No,2.0,"42,000",No,7.0,IELTS,Laws,Melbourne,AUD,No,
Yes,Equivalent AQF Degree Level,Years,English,Law,A,Yes,Year 12,BA,No,Years,https://www.monash.edu/study/courses/find-a-course/2021/laws-and-arts-l3003?international=true,Monash University,Yes,Laws and Arts is a double degree which allows you to complement your practical knowledge of the Australian legal system with a grounding in arts and humanities. Choose from a large number of exciting specialisations and tailor your studies to a field you are passionate about.,Australia,No,2.0,"42,000",No,7.0,IELTS,Laws and Arts,Melbourne,AUD,No,
Yes,Equivalent AQF Degree Level,Years,English,Medical and Nursing,A,Yes,Year 12,BA,No,Years,https://www.monash.edu/study/courses/find-a-course/2021/laws-and-biomedical-science-l3004?international=true,Monash University,Yes,"Laws and Biomedical Science is a double degree which combines practical knowledge of the Australian legal system with an understanding of anatomy, epidemiology and preventative medicine, genetics, immunology, microbiology and pharmacology for a career in either field, or one which combines the two.",Australia,No,2.0,"42,000",No,7.0,IELTS,Laws and Biomedical Science,Melbourne,AUD,No,
Yes,Equivalent AQF Degree Level,Years,English,Business & Economics,A,Yes,Year 12,BA,No,Years,https://www.monash.edu/study/courses/find-a-course/2021/laws-and-commerce-l3005?international=true,Monash University,Yes,"Laws and Commerce is a double degree which provides a foundation in accounting, finance, economics, management and marketing, and a practical knowledge of the Australian legal system. You will develop a thorough legal and commercial understanding of business and trade.",Australia,No,2.0,"45,000",No,7.0,IELTS,Laws and Commerce,Melbourne,AUD,No,
Yes,Equivalent AQF Degree Level,Years,English,Computer Science & Information Technology,A,Yes,Year 12,BA,No,Years,https://www.monash.edu/study/courses/find-a-course/2021/laws-and-computer-science-l3011?international=true,Monash University,Yes,Laws and Computer Science is a double degree which equips you with the skills of the future. Combine the practical research and analytical expertise of a legal professional with the skills to create software that solves real-world problems.,Australia,No,2.0,"42,800",No,7.0,IELTS,Laws and Computer Science,Melbourne,AUD,No,
Yes,Equivalent AQF Degree Level,Years,English,Law,A,Yes,Year 12,BA,No,Years,https://www.monash.edu/study/courses/find-a-course/2021/laws-and-criminology-l3012?international=true,Monash University,Yes,"Laws and Criminology is a double degree which provides a deep understanding of the causes and consequences of crime, and how the Australian legal system can respond. This degree presents career opportunities for students who want to solve demanding problems and make a real social impact.",Australia,No,2.0,"42,000",No,7.0,IELTS,Laws and Criminology,Melbourne,AUD,No,
Yes,Equivalent AQF Degree Level,Years,English,Engineering,A,Yes,Year 12,BA,No,Years,https://www.monash.edu/study/courses/find-a-course/2021/laws-and-engineering-l3002?international=true,Monash University,Yes,"Laws and Engineering is a double degree which develops your powers of analysis and legal reasoning, as well as building the creative thinking and technical skills required in your chosen field of engineering. This degree presents career options for either field, or one which combines the two.",Australia,No,2.0,"46,000",No,7.0,IELTS,Laws and Engineering,Melbourne,AUD,No,
Yes,Equivalent AQF Degree Level,Years,English,Business & Economics,A,Yes,Year 12,BA,No,Years,https://www.monash.edu/study/courses/find-a-course/2021/laws-and-global-studies-l3009?international=true,Monash University,Yes,"Laws and Global Studies is a double degree that provides a solid foundation in the concepts, procedures and reasoning of the Australian legal system and the research, analytical and communication skills of the legal profession with the skills to be a leader in social change.",Australia,No,2.0,"42,000",No,7.0,IELTS,Laws and Global Studies,Melbourne,AUD,No,
Yes,Equivalent AQF Degree Level,Years,English,Computer Science & Information Technology,A,Yes,Year 12,BA,No,Years,https://www.monash.edu/study/courses/find-a-course/2021/laws-and-information-technology-l3010?international=true,Monash University,Yes,Laws and Information Technology is a double degree combining practical knowledge of the Australian legal system with an understanding of how information technologies are evolving to meet individual and organisational needs. This degree offers a range of exciting career opportunities.,Australia,No,5.0,"42,800",No,7.0,IELTS,Laws and Information Technology,Melbourne,AUD,No,
Yes,Equivalent AQF Degree Level,Years,English,Law,A,Yes,Year 12,BA,No,Years,https://www.monash.edu/study/courses/find-a-course/2021/laws-and-music-l3006?international=true,Monash University,Yes,"Laws and Music is a double degree which provides the practical knowledge of a law degree with the creative discipline of music. This degree offers career opportunities in either field, or one which combines the two.",Australia,No,5.0,"42,000",No,7.0,IELTS,Laws and Music,Melbourne,AUD,No,
Yes,Equivalent AQF Degree Level,Years,English,Humanities and Social Science,A,Yes,Year 12,BA,No,Years,"https://www.monash.edu/study/courses/find-a-course/2021/laws-and-politics,-philosophy-and-economics-l3013?international=true",Monash University,Yes,"Laws and Politics, Philosophy and Economics is a double degree which equips you with skills of the future. This double degree will allow you to complement your practical knowledge of the Australian legal system with a grounding in Politics, Philosophy and Economics.",Australia,No,5.0,"42,000",No,7.0,IELTS,"Laws and Politics, Philosophy and Economics",Melbourne,AUD,No,
Yes,Equivalent AQF Degree Level,Years,English,Law,A,Yes,Year 12,BA,No,Years,https://www.monash.edu/study/courses/find-a-course/2021/laws-and-science-l3007?international=true,Monash University,Yes,"Laws and Science is a double degree which provides practical legal skills and an awareness of the complex interaction between science and society. Students gain practical knowledge of the Australian legal system, as well as specialising in a chosen scientific field.",Australia,No,5.0,"43,500",No,7.0,IELTS,Laws and Science,Melbourne,AUD,No,
Yes,Equivalent AQF Degree Level,Years,English,Creative Arts & Design & Music,A,Yes,Year 12,DIP,No,Years,https://www.monash.edu/study/courses/find-a-course/2021/liberal-arts-a0502?international=true,Monash University,Yes,"A Diploma of Liberal Arts allows you to pursue in-depth study in either humanities, which builds your knowledge about the way we communicate or how the past has affected the present; or social sciences, which focuses on your ability to analyse societies and explain relationships within these.",Australia,No,5.0,"33,000",No,7.0,IELTS,Liberal Arts,Melbourne,AUD,No,
Yes,Equivalent AQF Degree Level,Years,English,Creative Arts & Design & Music,A,Yes,Year 12,DIP,No,Years,https://www.monash.edu/study/courses/find-a-course/2021/liberal-arts-a0502?international=true,Monash University,Yes,"A Diploma of Liberal Arts allows you to pursue in-depth study in either humanities, which builds your knowledge about the way we communicate or how the past has affected the present; or social sciences, which focuses on your ability to analyse societies and explain relationships within these.",Australia,No,5.0,"33,000",No,7.0,IELTS,Liberal Arts,Melbourne,AUD,No,
Yes,Equivalent AQF Degree Level,Years,English,Business & Economics,A,Yes,Year 12,BA,No,Years,https://www.monash.edu/study/courses/find-a-course/2021/marketing-b2036?international=true,Monash University,Yes,"In the Bachelor of Marketing, you'll build an extensive toolbox of skills to succeed as a professional marketer. Learn everything from social media, advertising, digital marketing and campaign planning to consumer behaviour, market research, branding, marketing strategy and data analysis.",Australia,No,3.0,"45,000",No,6.5,IELTS,Marketing,Melbourne,AUD,No,
Yes,Equivalent AQF Degree Level,Years,English,Business & Economics,A,Yes,Year 12,BA,No,Years,https://www.monash.edu/study/courses/find-a-course/2021/marketing-and-arts-b2039?international=true,Monash University,Yes,"Why study a double degree in Marketing and Arts? With Marketing, you'll explore social media, advertising, consumer behaviour, campaign planning, market research, strategy, data analysis, branding and digital marketing. With Arts, you can choose from almost 40 major and minor areas of study.",Australia,No,4.0,"45,000",No,6.5,IELTS,Marketing and Arts,Melbourne,AUD,No,
Yes,Equivalent AQF Degree Level,Years,English,Business & Economics,A,Yes,Year 12,BA,No,Years,https://www.monash.edu/study/courses/find-a-course/2021/marketing-and-media-communication-b2044?international=true,Monash University,Yes,"Why study Marketing and Media Communication? With Marketing, you'll explore social media, advertising, consumer behaviour, campaign planning, market research, strategy, data analysis, branding and digital marketing. With Media Communication, you'll build a practical portfolio of work.",Australia,No,4.0,"45,000",No,6.5,IELTS,Marketing and Media Communication,Melbourne,AUD,No,
Yes,Equivalent AQF Degree Level,Years,English,Mass Communication & Media,A,Yes,Year 12,BA,No,Years,https://www.monash.edu/study/courses/find-a-course/2021/media-communication-a2002?international=true,Monash University,Yes,"With the Bachelor of Media Communication, you can specialise in journalism, media, public relations or screen, and build a portfolio of real work. Learn from leading industry professionals and use the same sound, recording and editing equipment as global professional media in our Media Lab.",Australia,No,3.0,"33,000",No,6.5,IELTS,Media Communication,Melbourne,AUD,No,
Yes,Equivalent AQF Degree Level,Years,English,Mass Communication & Media,A,Yes,Year 12,BA,No,Year,https://www.monash.edu/study/courses/find-a-course/2021/medical-science-m3701?international=true,Monash University,Yes,"With the Bachelor of Media Communication, you can specialise in journalism, media, public relations or screen, and build a portfolio of real work. Learn from leading industry professionals and use the same sound, recording and editing equipment as global professional media in our Media Lab.",Australia,No,1.0,"68,000",No,6.5,IELTS,Media Communication,Melbourne,AUD,No,
Yes,Equivalent AQF Degree Level,Years,English,Medical and Nursing,A,Yes,Year 12,PG,No,Years,https://www.monash.edu/study/courses/find-a-course/2021/medical-science-and-medicine-m6011?international=true,Monash University,Yes,"The Bachelor of Medical Science and Doctor of Medicine is a 5-year direct entry medical degree, which can be completed straight from high school. This course provides you with the knowledge, clinical skills and practical medical training needed to become a doctor.",Australia,No,5.0,"79,700</strong>, <strong>DOMESTIC STUDENTS ONLY",No,7.0,IELTS,Medical Science and Medicine,Melbourne,AUD,No,
Yes,Equivalent AQF Degree Level,Years,English,Medical and Nursing,A,Yes,Year 12,PG,No,Years,https://www.monash.edu/study/courses/find-a-course/2021/monash-access-program-d0001?international=true,Monash University,Yes,"The Bachelor of Medical Science and Doctor of Medicine is a 4-year graduate medical degree, preparing you to become a doctor. This course is designed for students with a Monash undergraduate degree and combines an integrated medical curriculum with clinical training in Victorian hospitals.",Australia,No,6.0,"79,700",No,7.0,IELTS,Medical Science and Medicine,Melbourne,AUD,No,
Yes,Equivalent AQF Degree Level,Years,English,Creative Arts & Design & Music,A,Yes,Year 12,BA,No,Years,https://www.monash.edu/study/courses/find-a-course/2021/music-a2003?international=true,Monash University,Yes,"Advance your practical skills, collaborate with international artists and study with accomplished teaching staff in the Bachelor of Music at Monash. Develop advanced skills and knowledge in Composition and Music Technology, Ethnomusicology and Musicology, Music Performance or Popular Music.",Australia,No,3.0,"33,000",No,6.5,IELTS,Music,Melbourne,AUD,No,
Yes,Equivalent AQF Degree Level,Years,English,Creative Arts & Design & Music,A,Yes,Year 12,BA,No,Year,https://www.monash.edu/study/courses/find-a-course/2021/music-a3702?international=true,Monash University,Yes,"Advance your practical skills, collaborate with international artists and study with accomplished teaching staff in the Bachelor of Music at Monash. Develop advanced skills and knowledge in Composition and Music Technology, Ethnomusicology and Musicology, Music Performance or Popular Music.",Australia,No,1.0,"33,000",No,6.5,IELTS,Music,Melbourne,AUD,No,
Yes,Equivalent AQF Degree Level,Years,English,Medical and Nursing,A,Yes,Year 12,BA,No,Years,https://www.monash.edu/study/courses/find-a-course/2021/nursing-m2006?international=true,Monash University,Yes,"The Bachelor of Nursing degree trains you to become a registered nurse in 3 years. Through our accredited nursing course, you’ll gain the knowledge, clinical skills and placement experience to provide high-quality nursing care and make a difference to your patients.",Australia,No,3.0,"35,000",No,7.0,IELTS,Nursing,Melbourne,AUD,No,
Yes,Equivalent AQF Degree Level,Years,English,Medical and Nursing,A,Yes,Year 12,BA,No,Years,https://www.monash.edu/study/courses/find-a-course/2021/nursing-m2006?international=true,Monash University,Yes,"The Bachelor of Nursing degree trains you to become a registered nurse in 3 years. Through our accredited nursing course, you’ll gain the knowledge, clinical skills and placement experience to provide high-quality nursing care and make a difference to your patients.",Australia,No,3.0,"35,000",No,7.0,IELTS,Nursing,Melbourne,AUD,No,
Yes,Equivalent AQF Degree Level,Years,English,Medical and Nursing,A,Yes,Year 12,BA,No,Year,https://www.monash.edu/study/courses/find-a-course/2021/nursing-m3704?international=true,Monash University,Yes,"The Bachelor of Nursing degree trains you to become a registered nurse in 3 years. Through our accredited nursing course, you’ll gain the knowledge, clinical skills and placement experience to provide high-quality nursing care and make a difference to your patients.",Australia,No,1.0,"35,000",No,7.0,IELTS,Nursing,Melbourne,AUD,No,
Yes,Equivalent AQF Degree Level,Years,English,Medical and Nursing,A,Yes,Year 12,BA,No,Year,https://www.monash.edu/study/courses/find-a-course/2021/nursing-m3704?international=true,Monash University,Yes,"The Bachelor of Nursing degree trains you to become a registered nurse in 3 years. Through our accredited nursing course, you’ll gain the knowledge, clinical skills and placement experience to provide high-quality nursing care and make a difference to your patients.",Australia,No,1.0,"35,000",No,7.0,IELTS,Nursing,Melbourne,AUD,No,
Yes,Equivalent AQF Degree Level,Years,English,Medical and Nursing,A,Yes,Year 12,BA,No,Years,https://www.monash.edu/study/courses/find-a-course/2021/nursing-and-midwifery-m3007?international=true,Monash University,Yes,"The Bachelor of Nursing and Bachelor of Midwifery (Honours) prepares you to become a registered nurse or midwife in four years. Through our accredited nursing course, this joint degree allows you to pursue nursing and midwifery careers in a range of healthcare settings in the private and public sector.",Australia,No,4.0,"35,000",No,7.0,IELTS,Nursing and Midwifery,Melbourne,AUD,No,
Yes,Equivalent AQF Degree Level,Years,English,Medical and Nursing,A,Yes,Year 12,BA,No,Year,https://www.monash.edu/study/courses/find-a-course/2021/nutrition-m3703?international=true,Monash University,Yes,"The Bachelor of Nursing and Bachelor of Midwifery (Honours) prepares you to become a registered nurse or midwife in four years. Through our accredited nursing course, this joint degree allows you to pursue nursing and midwifery careers in a range of healthcare settings in the private and public sector.",Australia,No,1.0,"38,300",No,7.0,IELTS,Nursing and Midwifery,Melbourne,AUD,No,
Yes,Equivalent AQF Degree Level,Years,English,Computer Science & Information Technology,A,Yes,Year 12,BA,No,Years,https://www.monash.edu/study/courses/find-a-course/2021/nutrition-science-m2001?international=true,Monash University,Yes,"A Bachelor of Nutrition Science degree trains you in human nutrition, preparing you to register as an associate nutritionist in Australia and the United Kingdom. This course explores the science behind nutrition, exploring nutrition across the lifespan, food in society, and the role of nutrition in health and disease.",Australia,No,3.0,"38,300",No,6.5,IELTS,Nutrition Science,Melbourne,AUD,No,
Yes,Equivalent AQF Degree Level,Years,English,Science and Health Science,A,Yes,Year 12,BA,No,Years,https://www.monash.edu/study/courses/find-a-course/2021/occupational-therapy-m3001?international=true,Monash University,Yes,"A Bachelor of Occupational Therapy (Honours) degree prepares you to qualify as an occupational therapist. In this accredited program, you’ll learn how to help people of all ages participate in everyday activities, and the gain knowledge, skills and practical experience needed for a career in occupational therapy.",Australia,No,4.0,"41,900",No,6.5,IELTS,Occupational Therapy,Melbourne,AUD,No,
Yes,Equivalent AQF Degree Level,Years,English,Medical and Nursing,A,Yes,Year 12,BA,No,Years,https://www.monash.edu/study/courses/find-a-course/2021/paramedicine-m2011?international=true,Monash University,Yes,"A Bachelor of Paramedicine degree prepares you to qualify as a registered paramedic and deliver emergency health care in a range of settings. This accredited course gives you the paramedic skills, knowledge and clinical experience to assess life-threatening situations, provide out-of-hospital care and save lives.",Australia,No,3.0,"34,200",No,6.5,IELTS,Paramedicine,Melbourne,AUD,No,
Yes,Equivalent AQF Degree Level,Years,English,Medical and Nursing,A,Yes,Year 12,BA,No,Year,https://www.monash.edu/study/courses/find-a-course/2021/paramedicine-m3707?international=true,Monash University,Yes,"You will undertake a guided advanced studies program in an aspect of 
community-based emergency health and an approved research project under the supervision of a member of the academic or research staff.",Australia,No,1.0,"34,200",No,7.0,IELTS,Paramedicine,Melbourne,AUD,No,
Yes,Equivalent AQF Degree Level,Years,English,Computer Science & Information Technology,A,Yes,Year 12,BA,No,Years,https://www.monash.edu/study/courses/find-a-course/2021/physiotherapy-m3002?international=true,Monash University,Yes,"A Bachelor of Physiotherapy (Honours) is a degree preparing you to qualify as a physiotherapist, and treat a range of health conditions. Our course is taught by expert physiotherapists and provides you with the knowledge, skills and clinical experience needed to prepare for a rewarding career in physiotherapy.",Australia,No,4.0,"46,900",No,7.0,IELTS,Physiotherapy,Melbourne,AUD,No,
Yes,Equivalent AQF Degree Level,Years,English,Humanities and Social Science,A,Yes,Year 12,BA,No,Years,"https://www.monash.edu/study/courses/find-a-course/2021/politics,-philosophy-and-economics-a2010?international=true",Monash University,Yes,"Discover how to transform big ideas into real results by studying at the creative intersection between three disciplines. By engaging with researchers and industry leaders, you’ll apply abstract knowledge to pressing problems, graduating as an informed thinker with a job-ready skill set.",Australia,No,3.0,"38,000",No,6.5,IELTS,"Politics, Philosophy and Economics",Melbourne,AUD,No,
Yes,Equivalent AQF Degree Level,Years,English,Humanities and Social Science,A,Yes,Year 12,BA,No,Years,"https://www.monash.edu/study/courses/find-a-course/2021/politics,-philosophy-and-economics-and-arts-a2013?international=true",Monash University,Yes,"This double degree combines the deep focus of the Bachelor of Politics, Philosophy (PPE) and Economics and the flexibility of the Bachelor of Arts. The PPE is an elite program designed for deep thinkers who want to have a real impact. By studying at the creative intersection between three disciplines Politics and governance, Philosophy and Economic analysis, you’ll learn how to transform big ideas into tangible results.",Australia,No,4.0,"38,000",No,6.5,IELTS,"Politics, Philosophy and Economics and Arts",Melbourne,AUD,No,
Yes,Equivalent AQF Degree Level,Years,English,Science and Health Science,A,Yes,Year 12,BA,No,Years,https://www.monash.edu/study/courses/find-a-course/2021/psychology-m3005?international=true,Monash University,Yes,"This double degree combines the deep focus of the Bachelor of Politics, Philosophy (PPE) and Economics and the flexibility of the Bachelor of Arts. The PPE is an elite program designed for deep thinkers who want to have a real impact. By studying at the creative intersection between three disciplines Politics and governance, Philosophy and Economic analysis, you’ll learn how to transform big ideas into tangible results.",Australia,No,4.0,"34,200",No,6.5,IELTS,Psychology,Melbourne,AUD,No,
Yes,Equivalent AQF Degree Level,Years,English,English,A,Yes,Year 12,BA,No,Years,https://www.monash.edu/study/courses/find-a-course/2021/public-health-m2012?international=true,Monash University,Yes,"A Bachelor of Public Health degree focuses on communities rather than individuals, promoting good health, preventing disease, and managing illness and disability. It includes health promotion, epidemiology, biomedical sciences, forensic medicine, social sciences, health data management and global health.",Australia,No,3.0,"34,200",No,6.5,IELTS,Public Health,Melbourne,AUD,No,
Yes,Equivalent AQF Degree Level,Years,English,Science and Health Science,A,Yes,Year 12,BA,No,Years,https://www.monash.edu/study/courses/find-a-course/2021/radiation-sciences-m2017?international=true,Monash University,Yes,"The Bachelor of Radiation Sciences prepares you to play an important role in shaping the future of health.  Our course trains you in medical radiation science as well as health and patient care, and you have the choice of two specialisations: radiation sciences or informatics.",Australia,No,3.0,"35,000",No,6.5,IELTS,Radiation Sciences,Melbourne,AUD,No,
Yes,Equivalent AQF Degree Level,Years,English,Mass Communication & Media,A,Yes,Year 12,BA,No,Years,https://www.monash.edu/study/courses/find-a-course/2021/radiography-and-medical-imaging-m3006?international=true,Monash University,Yes,"A Bachelor of Radiography and Medical Imaging (Honours) degree provides you with the skills and experience to become a registered radiographer. Learn how use different medical imaging techniques including x-ray, computed tomography (CT), ultrasound and magnetic resonance imaging (MRI) from experienced radiographers.",Australia,No,4.0,"46,900",No,7.0,IELTS,Radiography and Medical Imaging,Melbourne,AUD,No,
Yes,Equivalent AQF Degree Level,Years,English,Mass Communication & Media,A,Yes,Year 12,BA,No,Years,https://www.monash.edu/study/courses/find-a-course/2021/science-education-2646?international=true,Monash University,Yes,"A Bachelor of Radiography and Medical Imaging (Honours) degree provides you with the skills and experience to become a registered radiographer. Learn how use different medical imaging techniques including x-ray, computed tomography (CT), ultrasound and magnetic resonance imaging (MRI) from experienced radiographers.",Australia,No,4.0,"46,900",No,7.0,IELTS,Radiography and Medical Imaging,Melbourne,AUD,No,
Yes,Equivalent AQF Degree Level,Years,English,Mass Communication & Media,A,Yes,Year 12,BA,No,Years,https://www.monash.edu/study/courses/find-a-course/2021/science-2637?international=true,Monash University,Yes,"A Bachelor of Radiography and Medical Imaging (Honours) degree provides you with the skills and experience to become a registered radiographer. Learn how use different medical imaging techniques including x-ray, computed tomography (CT), ultrasound and magnetic resonance imaging (MRI) from experienced radiographers.",Australia,No,4.0,"46,900",No,7.0,IELTS,Radiography and Medical Imaging,Melbourne,AUD,No,
Yes,Equivalent AQF Degree Level,Years,English,Science and Health Science,A,Yes,Year 12,BA,No,Years,https://www.monash.edu/study/courses/find-a-course/2021/science-s2000?international=true,Monash University,Yes,This degree aims to provide students with an experience in independent analysis and research in their chosen field of expertise. Discover why.,Australia,No,3.0,"43,500",No,6.5,IELTS,Science,Melbourne,AUD,No,
Yes,Equivalent AQF Degree Level,Years,English,Science and Health Science,A,Yes,Year 12,BA,No,Year,https://www.monash.edu/study/courses/find-a-course/2021/science-s3701?international=true,Monash University,Yes,This degree aims to provide students with an experience in independent analysis and research in their chosen field of expertise. Discover why.,Australia,No,1.0,"43,500",No,6.5,IELTS,Science,Melbourne,AUD,No,
Yes,Equivalent AQF Degree Level,Years,English,Business & Economics,A,Yes,Year 12,BA,No,Years,https://www.monash.edu/study/courses/find-a-course/2021/science-advanced-global-challenges-s3001?international=true,Monash University,Yes,"The Bachelor of Science Advanced - Global Challenges (Honours) includes formal training in leadership, persuasive communication, and hands-on practice in transforming an idea into a business or social enterprise. Fundamental to the program is an in-depth exploration of the big issues of our time.",Australia,No,4.0,"48,000",No,7.0,IELTS,Science Advanced - Global Challenges,Melbourne,AUD,No,
Yes,Equivalent AQF Degree Level,Years,English,Engineering,A,Yes,Year 12,BA,No,Years,https://www.monash.edu/study/courses/find-a-course/2021/science-advanced-research-s3002?international=true,Monash University,Yes,"Bachelor of Science Advanced - Research (Honours) is a course designed for students intending to pursue a career as a research scientist. Graduates can expect to find employment in a variety of research careers, including scientific research work in both the university and industrial sectors.",Australia,No,4.0,"44,500",No,7.0,IELTS,Science Advanced - Research,Melbourne,AUD,No,
Yes,Equivalent AQF Degree Level,Years,English,Creative Arts & Design & Music,A,Yes,Year 12,BA,No,Years,https://www.monash.edu/study/courses/find-a-course/2021/science-and-arts-s2006?international=true,Monash University,Yes,"Bachelor of Science and Arts is a double degree combining science with studies in arts, humanities or social sciences. This course provides powerful communication and critical thinking skills coupled with a strong technological or scientific base. It offers many study areas to choose from.",Australia,No,4.0,"43,500",No,6.5,IELTS,Science and Arts,Melbourne,AUD,No,
Yes,Equivalent AQF Degree Level,Years,English,Medical and Nursing,A,Yes,Year 12,BA,No,Years,https://www.monash.edu/study/courses/find-a-course/2021/science-and-biomedical-science-s2007?international=true,Monash University,Yes,Science and Biomedical Science is a double degree course providing comprehensive foundations in fundamental sciences complemented by specialist biomedical sciences. This course provides the knowledge and skills of the applied aspects of biomedical science and the more theoretical focus.,Australia,No,4.0,"43,500",No,6.5,IELTS,Science and Biomedical Science,Melbourne,AUD,No,
Yes,Equivalent AQF Degree Level,Years,English,Computer Science & Information Technology,A,Yes,Year 12,BA,No,Years,https://www.monash.edu/study/courses/find-a-course/2021/science-and-computer-science-s2004?international=true,Monash University,Yes,"Science and Computer Science is a double degree course providing highly transferable skillset, while developing scientific thinking, critical analysis, problem solving, computational and complex IT skills, and maximising opportunities for employment related to information technology and science.",Australia,No,4.0,"43,500",No,6.5,IELTS,Science and Computer Science,Melbourne,AUD,No,
Yes,Equivalent AQF Degree Level,Years,English,Business & Economics,A,Yes,Year 12,BA,No,Years,https://www.monash.edu/study/courses/find-a-course/2021/science-and-global-studies-s2003?international=true,Monash University,Yes,Science and Global studies is a double degree providing the skillset to understand complex challenges facing cultures and communities around the world and the opportunity to apply knowledge to affect change. This study combination allows global thinking as well as overseas travel.,Australia,No,4.0,"43,500",No,6.5,IELTS,Science and Global Studies,Melbourne,AUD,No,
Yes,Equivalent AQF Degree Level,Years,English,Creative Arts & Design & Music,A,Yes,Year 12,BA,No,Years,https://www.monash.edu/study/courses/find-a-course/2021/science-and-music-s2005?international=true,Monash University,Yes,"Science and Music, a double degree university course designed to offer a broad range of choice and alternatives when commencing a career. This course has the potential to open many options and making the most of scientific and/or musical talents.",Australia,No,4.0,"43,500",No,6.5,IELTS,Science and Music,Melbourne,AUD,No,
Yes,Equivalent AQF Degree Level,Years,English,Creative Arts & Design & Music,A,Yes,Year 12,BA,No,Year,https://www.monash.edu/study/courses/find-a-course/2021/tertiary-studies-d0502?international=true,Monash University,Yes,"Science and Music, a double degree university course designed to offer a broad range of choice and alternatives when commencing a career. This course has the potential to open many options and making the most of scientific and/or musical talents.",Australia,No,1.0,"43,500",No,6.5,IELTS,Science and Music,Melbourne,AUD,No,
